entity,code,year,deaths__sex_all__age_all__variant_estimates,deaths__sex_all__age_all__variant_medium__projected,births__sex_all__age_all__variant_estimates,births__sex_all__age_all__variant_medium__projected
World,OWID_WRL,1950,48486892,,91823940,
World,OWID_WRL,1951,48176160,,92507130,
World,OWID_WRL,1952,47383364,,97371460,
World,OWID_WRL,1953,47239576,,97291460,
World,OWID_WRL,1954,46662428,,100187860,
World,OWID_WRL,1955,46635656,,101747970,
World,OWID_WRL,1956,46479064,,101759016,
World,OWID_WRL,1957,46880776,,106017736,
World,OWID_WRL,1958,46518264,,104644160,
World,OWID_WRL,1959,50724510,,101999840,
World,OWID_WRL,1960,54612440,,102378080,
World,OWID_WRL,1961,49918924,,100950940,
World,OWID_WRL,1962,46061450,,112038710,
World,OWID_WRL,1963,46913210,,119802890,
World,OWID_WRL,1964,46822880,,117292200,
World,OWID_WRL,1965,48213548,,117837010,
World,OWID_WRL,1966,47841524,,117232950,
World,OWID_WRL,1967,47568790,,116920264,
World,OWID_WRL,1968,47629250,,121825890,
World,OWID_WRL,1969,47815950,,122227970,
World,OWID_WRL,1970,48163468,,124135900,
World,OWID_WRL,1971,49384108,,123739680,
World,OWID_WRL,1972,47770224,,123554020,
World,OWID_WRL,1973,47573276,,123563930,
World,OWID_WRL,1974,47478096,,122709410,
World,OWID_WRL,1975,47622990,,121030100,
World,OWID_WRL,1976,47707256,,121322350,
World,OWID_WRL,1977,47166790,,120786520,
World,OWID_WRL,1978,47293144,,122140650,
World,OWID_WRL,1979,46963884,,125000296,
World,OWID_WRL,1980,47349924,,127446984,
World,OWID_WRL,1981,47470790,,129715840,
World,OWID_WRL,1982,47659344,,133206504,
World,OWID_WRL,1983,48206576,,131967710,
World,OWID_WRL,1984,48430624,,134365260,
World,OWID_WRL,1985,48772812,,136373950,
World,OWID_WRL,1986,48643612,,139301170,
World,OWID_WRL,1987,48657012,,141346560,
World,OWID_WRL,1988,49183184,,140985950,
World,OWID_WRL,1989,49178264,,142249020,
World,OWID_WRL,1990,49794344,,143461420,
World,OWID_WRL,1991,50108430,,138306860,
World,OWID_WRL,1992,50281870,,136591250,
World,OWID_WRL,1993,50831804,,135632140,
World,OWID_WRL,1994,51930610,,135142910,
World,OWID_WRL,1995,51406890,,134850050,
World,OWID_WRL,1996,51410956,,134321020,
World,OWID_WRL,1997,51432010,,133985670,
World,OWID_WRL,1998,51853504,,133857530,
World,OWID_WRL,1999,52183584,,134058670,
World,OWID_WRL,2000,52240370,,135758480,
World,OWID_WRL,2001,52431244,,135380000,
World,OWID_WRL,2002,52757536,,135396480,
World,OWID_WRL,2003,53077070,,135700800,
World,OWID_WRL,2004,53187800,,136596320,
World,OWID_WRL,2005,53390436,,137166460,
World,OWID_WRL,2006,53281776,,138469300,
World,OWID_WRL,2007,53410050,,139935790,
World,OWID_WRL,2008,53987020,,141758720,
World,OWID_WRL,2009,54122624,,142968320,
World,OWID_WRL,2010,54268588,,143354240,
World,OWID_WRL,2011,54581440,,143878780,
World,OWID_WRL,2012,54794788,,146054880,
World,OWID_WRL,2013,55092620,,145014780,
World,OWID_WRL,2014,55545320,,145268260,
World,OWID_WRL,2015,56305970,,144333950,
World,OWID_WRL,2016,56756910,,144854100,
World,OWID_WRL,2017,57572256,,143601810,
World,OWID_WRL,2018,57792804,,140332740,
World,OWID_WRL,2019,58354932,,138596780,
World,OWID_WRL,2020,63546316,,134719620,
World,OWID_WRL,2021,69728100,,133448840,
World,OWID_WRL,2022,62278628,,132475390,
World,OWID_WRL,2023,61651610,,132110264,
World,OWID_WRL,2024,,62389496,,132405930
World,OWID_WRL,2025,,63135984,,132399176
World,OWID_WRL,2026,,63637310,,132503470
World,OWID_WRL,2027,,64625684,,132590970
World,OWID_WRL,2028,,65677932,,132761180
World,OWID_WRL,2029,,66739330,,132988660
World,OWID_WRL,2030,,67826880,,133256400
World,OWID_WRL,2031,,68954190,,133513400
World,OWID_WRL,2032,,70103040,,133764790
World,OWID_WRL,2033,,71288510,,134065210
World,OWID_WRL,2034,,72486090,,134381010
World,OWID_WRL,2035,,73713700,,134669250
World,OWID_WRL,2036,,74948340,,134945600
World,OWID_WRL,2037,,76206090,,135141000
World,OWID_WRL,2038,,77449624,,135355310
World,OWID_WRL,2039,,78710136,,135515310
World,OWID_WRL,2040,,79950500,,135669000
World,OWID_WRL,2041,,81208610,,135672670
World,OWID_WRL,2042,,82442510,,135635920
World,OWID_WRL,2043,,83672376,,135580930
World,OWID_WRL,2044,,84890470,,135406660
World,OWID_WRL,2045,,86093330,,135108930
World,OWID_WRL,2046,,87281950,,134763860
World,OWID_WRL,2047,,88448280,,134270880
World,OWID_WRL,2048,,89606970,,133752120
World,OWID_WRL,2049,,90746290,,133163336
World,OWID_WRL,2050,,91876620,,132555180
World,OWID_WRL,2051,,92985500,,131922870
World,OWID_WRL,2052,,94083770,,131280340
World,OWID_WRL,2053,,95173330,,130666630
World,OWID_WRL,2054,,96249260,,130019576
World,OWID_WRL,2055,,97293120,,129484560
World,OWID_WRL,2056,,98309320,,128994830
World,OWID_WRL,2057,,99309970,,128530510
World,OWID_WRL,2058,,100282940,,128109976
World,OWID_WRL,2059,,101241940,,127754770
World,OWID_WRL,2060,,102156930,,127431150
World,OWID_WRL,2061,,103025270,,127116970
World,OWID_WRL,2062,,103869600,,126876440
World,OWID_WRL,2063,,104677860,,126634990
World,OWID_WRL,2064,,105484570,,126429590
World,OWID_WRL,2065,,106272780,,126218350
World,OWID_WRL,2066,,107031790,,126019440
World,OWID_WRL,2067,,107798930,,125793030
World,OWID_WRL,2068,,108554380,,125546776
World,OWID_WRL,2069,,109292500,,125259600
World,OWID_WRL,2070,,110034870,,124986376
World,OWID_WRL,2071,,110769660,,124696340
World,OWID_WRL,2072,,111528940,,124348330
World,OWID_WRL,2073,,112257940,,123982000
World,OWID_WRL,2074,,112984184,,123572750
World,OWID_WRL,2075,,113706800,,123139810
World,OWID_WRL,2076,,114416770,,122692720
World,OWID_WRL,2077,,115099190,,122209340
World,OWID_WRL,2078,,115749020,,121660490
World,OWID_WRL,2079,,116356650,,121106664
World,OWID_WRL,2080,,116924260,,120554860
World,OWID_WRL,2081,,117418480,,119954950
World,OWID_WRL,2082,,117862430,,119411970
World,OWID_WRL,2083,,118269520,,118804110
World,OWID_WRL,2084,,118618880,,118220260
World,OWID_WRL,2085,,118940920,,117622290
World,OWID_WRL,2086,,119206460,,117028430
World,OWID_WRL,2087,,119458180,,116442240
World,OWID_WRL,2088,,119684140,,115886480
World,OWID_WRL,2089,,119919840,,115345020
World,OWID_WRL,2090,,120136080,,114804560
World,OWID_WRL,2091,,120358536,,114283304
World,OWID_WRL,2092,,120604024,,113772580
World,OWID_WRL,2093,,120878410,,113262380
World,OWID_WRL,2094,,121154320,,112772536
World,OWID_WRL,2095,,121464650,,112282190
World,OWID_WRL,2096,,121753740,,111830664
World,OWID_WRL,2097,,122077250,,111397100
World,OWID_WRL,2098,,122379910,,110941160
World,OWID_WRL,2099,,122663590,,110500810
World,OWID_WRL,2100,,122922340,,110028470